invoice_id,invoice_date,customer_name,invoice_amount
1,2018-01-01,Customer 001,1
2,2018-01-01,Customer 002,2
3,2018-01-01,Customer 003,3
4,2018-01-01,Customer 004,4
5,2018-01-01,Customer 005,5
6,2018-01-01,Customer 006,6
7,2018-01-01,Customer 007,7
8,2018-01-01,Customer 008,8
9,2018-01-01,Customer 009,9
10,2018-01-01,Customer 010,10
11,2018-01-01,Customer 011,11
12,2018-01-01,Customer 012,12
13,2018-01-01,Customer 013,13
14,2018-01-01,Customer 014,14
15,2018-01-01,Customer 015,15
16,2018-01-01,Customer 016,16
17,2018-01-01,Customer 017,17
18,2018-01-01,Customer 018,18
19,2018-01-01,Customer 019,19
20,2018-01-01,Customer 020,20
21,2018-01-01,Customer 001,21
22,2018-01-01,Customer 002,22
23,2018-01-01,Customer 003,23
24,2018-01-01,Customer 004,24
25,2018-01-01,Customer 005,25
26,2018-01-01,Customer 006,26
27,2018-01-01,Customer 007,27
28,2018-01-01,Customer 008,28
29,2018-01-01,Customer 009,29
30,2018-01-01,Customer 010,30
31,2018-01-01,Customer 011,31
32,2018-01-01,Customer 012,32
33,2018-01-01,Customer 013,33
34,2018-01-01,Customer 014,34
35,2018-01-01,Customer 015,35
36,2018-01-01,Customer 016,36
37,2018-01-01,Customer 017,37
38,2018-01-01,Customer 018,38
39,2018-01-01,Customer 019,39
40,2018-01-01,Customer 020,40
41,2018-01-01,Customer 001,41
42,2018-01-01,Customer 002,42
43,2018-01-01,Customer 003,43
44,2018-01-01,Customer 004,44
45,2018-01-01,Customer 005,45
46,2018-01-01,Customer 006,46
47,2018-01-01,Customer 007,47
48,2018-01-01,Customer 008,48
49,2018-01-01,Customer 009,49
50,2018-01-01,Customer 010,50
51,2018-01-01,Customer 011,51
52,2018-01-01,Customer 012,52
53,2018-01-01,Customer 013,53
54,2018-01-01,Customer 014,54
55,2018-01-01,Customer 015,55
56,2018-01-01,Customer 016,56
57,2018-01-01,Customer 017,57
58,2018-01-01,Customer 018,58
59,2018-01-01,Customer 019,59
60,2018-01-01,Customer 020,60
61,2018-01-01,Customer 001,61
62,2018-01-01,Customer 002,62
63,2018-01-01,Customer 003,63
64,2018-01-01,Customer 004,64
65,2018-01-01,Customer 005,65
66,2018-01-01,Customer 006,66
67,2018-01-01,Customer 007,67
68,2018-01-01,Customer 008,68
69,2018-01-01,Customer 009,69
70,2018-01-01,Customer 010,70
71,2018-01-01,Customer 011,71
72,2018-01-01,Customer 012,72
73,2018-01-01,Customer 013,73
74,2018-01-01,Customer 014,74
75,2018-01-01,Customer 015,75
76,2018-01-01,Customer 016,76
77,2018-01-01,Customer 017,77
78,2018-01-01,Customer 018,78
79,2018-01-01,Customer 019,79
80,2018-01-01,Customer 020,80
81,2018-01-01,Customer 001,81
82,2018-01-01,Customer 002,82
83,2018-01-01,Customer 003,83
84,2018-01-01,Customer 004,84
85,2018-01-01,Customer 005,85
86,2018-01-01,Customer 006,86
87,2018-01-01,Customer 007,87
88,2018-01-01,Customer 008,88
89,2018-01-01,Customer 009,89
90,2018-01-01,Customer 010,90
91,2018-01-01,Customer 011,91
92,2018-01-01,Customer 012,92
93,2018-01-01,Customer 013,93
94,2018-01-01,Customer 014,94
95,2018-01-01,Customer 015,95
96,2018-01-01,Customer 016,96
97,2018-01-01,Customer 017,97
98,2018-01-01,Customer 018,98
99,2018-01-01,Customer 019,99
100,2018-02-01,Customer 020,100
101,2018-02-01,Customer 001,101
102,2018-02-01,Customer 002,102
103,2018-02-01,Customer 003,103
104,2018-02-01,Customer 004,104
105,2018-02-01,Customer 005,105
106,2018-02-01,Customer 006,106
107,2018-02-01,Customer 007,107
108,2018-02-01,Customer 008,108
109,2018-02-01,Customer 009,109
110,2018-02-01,Customer 010,110
111,2018-02-01,Customer 011,111
112,2018-02-01,Customer 012,112
113,2018-02-01,Customer 013,113
114,2018-02-01,Customer 014,114
115,2018-02-01,Customer 015,115
116,2018-02-01,Customer 016,116
117,2018-02-01,Customer 017,117
118,2018-02-01,Customer 018,118
119,2018-02-01,Customer 019,119
120,2018-02-01,Customer 020,120
121,2018-02-01,Customer 001,121
122,2018-02-01,Customer 002,122
123,2018-02-01,Customer 003,123
124,2018-02-01,Customer 004,124
125,2018-02-01,Customer 005,125
126,2018-02-01,Customer 006,126
127,2018-02-01,Customer 007,127
128,2018-02-01,Customer 008,128
129,2018-02-01,Customer 009,129
130,2018-02-01,Customer 010,130
131,2018-02-01,Customer 011,131
132,2018-02-01,Customer 012,132
133,2018-02-01,Customer 013,133
134,2018-02-01,Customer 014,134
135,2018-02-01,Customer 015,135
136,2018-02-01,Customer 016,136
137,2018-02-01,Customer 017,137
138,2018-02-01,Customer 018,138
139,2018-02-01,Customer 019,139
140,2018-02-01,Customer 020,140
141,2018-02-01,Customer 001,141
142,2018-02-01,Customer 002,142
143,2018-02-01,Customer 003,143
144,2018-02-01,Customer 004,144
145,2018-02-01,Customer 005,145
146,2018-02-01,Customer 006,146
147,2018-02-01,Customer 007,147
148,2018-02-01,Customer 008,148
149,2018-02-01,Customer 009,149
150,2018-02-01,Customer 010,150
151,2018-02-01,Customer 011,151
152,2018-02-01,Customer 012,152
153,2018-02-01,Customer 013,153
154,2018-02-01,Customer 014,154
155,2018-02-01,Customer 015,155
156,2018-02-01,Customer 016,156
157,2018-02-01,Customer 017,157
158,2018-02-01,Customer 018,158
159,2018-02-01,Customer 019,159
160,2018-02-01,Customer 020,160
161,2018-02-01,Customer 001,161
162,2018-02-01,Customer 002,162
163,2018-02-01,Customer 003,163
164,2018-02-01,Customer 004,164
165,2018-02-01,Customer 005,165
166,2018-02-01,Customer 006,166
167,2018-02-01,Customer 007,167
168,2018-02-01,Customer 008,168
169,2018-02-01,Customer 009,169
170,2018-02-01,Customer 010,170
171,2018-02-01,Customer 011,171
172,2018-02-01,Customer 012,172
173,2018-02-01,Customer 013,173
174,2018-02-01,Customer 014,174
175,2018-02-01,Customer 015,175
176,2018-02-01,Customer 016,176
177,2018-02-01,Customer 017,177
178,2018-02-01,Customer 018,178
179,2018-02-01,Customer 019,179
180,2018-02-01,Customer 020,180
181,2018-02-01,Customer 001,181
182,2018-02-01,Customer 002,182
183,2018-02-01,Customer 003,183
184,2018-02-01,Customer 004,184
185,2018-02-01,Customer 005,185
186,2018-02-01,Customer 006,186
187,2018-02-01,Customer 007,187
188,2018-02-01,Customer 008,188
189,2018-02-01,Customer 009,189
190,2018-02-01,Customer 010,190
191,2018-02-01,Customer 011,191
192,2018-02-01,Customer 012,192
193,2018-02-01,Customer 013,193
194,2018-02-01,Customer 014,194
195,2018-02-01,Customer 015,195
196,2018-02-01,Customer 016,196
197,2018-02-01,Customer 017,197
198,2018-02-01,Customer 018,198
199,2018-02-01,Customer 019,199
200,2018-03-01,Customer 020,200
201,2018-03-01,Customer 001,201
202,2018-03-01,Customer 002,202
203,2018-03-01,Customer 003,203
204,2018-03-01,Customer 004,204
205,2018-03-01,Customer 005,205
206,2018-03-01,Customer 006,206
207,2018-03-01,Customer 007,207
208,2018-03-01,Customer 008,208
209,2018-03-01,Customer 009,209
210,2018-03-01,Customer 010,210
211,2018-03-01,Customer 011,211
212,2018-03-01,Customer 012,212
213,2018-03-01,Customer 013,213
214,2018-03-01,Customer 014,214
215,2018-03-01,Customer 015,215
216,2018-03-01,Customer 016,216
217,2018-03-01,Customer 017,217
218,2018-03-01,Customer 018,218
219,2018-03-01,Customer 019,219
220,2018-03-01,Customer 020,220
221,2018-03-01,Customer 001,221
222,2018-03-01,Customer 002,222
223,2018-03-01,Customer 003,223
224,2018-03-01,Customer 004,224
225,2018-03-01,Customer 005,225
226,2018-03-01,Customer 006,226
227,2018-03-01,Customer 007,227
228,2018-03-01,Customer 008,228
229,2018-03-01,Customer 009,229
230,2018-03-01,Customer 010,230
231,2018-03-01,Customer 011,231
232,2018-03-01,Customer 012,232
233,2018-03-01,Customer 013,233
234,2018-03-01,Customer 014,234
235,2018-03-01,Customer 015,235
236,2018-03-01,Customer 016,236
237,2018-03-01,Customer 017,237
238,2018-03-01,Customer 018,238
239,2018-03-01,Customer 019,239
240,2018-03-01,Customer 020,240
241,2018-03-01,Customer 001,241
242,2018-03-01,Customer 002,242
243,2018-03-01,Customer 003,243
244,2018-03-01,Customer 004,244
245,2018-03-01,Customer 005,245
246,2018-03-01,Customer 006,246
247,2018-03-01,Customer 007,247
248,2018-03-01,Customer 008,248
249,2018-03-01,Customer 009,249
250,2018-03-01,Customer 010,250
251,2018-03-01,Customer 011,251
252,2018-03-01,Customer 012,252
253,2018-03-01,Customer 013,253
254,2018-03-01,Customer 014,254
255,2018-03-01,Customer 015,255
256,2018-03-01,Customer 016,256
257,2018-03-01,Customer 017,257
258,2018-03-01,Customer 018,258
259,2018-03-01,Customer 019,259
260,2018-03-01,Customer 020,260
261,2018-03-01,Customer 001,261
262,2018-03-01,Customer 002,262
263,2018-03-01,Customer 003,263
264,2018-03-01,Customer 004,264
265,2018-03-01,Customer 005,265
266,2018-03-01,Customer 006,266
267,2018-03-01,Customer 007,267
268,2018-03-01,Customer 008,268
269,2018-03-01,Customer 009,269
270,2018-03-01,Customer 010,270
271,2018-03-01,Customer 011,271
272,2018-03-01,Customer 012,272
273,2018-03-01,Customer 013,273
274,2018-03-01,Customer 014,274
275,2018-03-01,Customer 015,275
276,2018-03-01,Customer 016,276
277,2018-03-01,Customer 017,277
278,2018-03-01,Customer 018,278
279,2018-03-01,Customer 019,279
280,2018-03-01,Customer 020,280
281,2018-03-01,Customer 001,281
282,2018-03-01,Customer 002,282
283,2018-03-01,Customer 003,283
284,2018-03-01,Customer 004,284
285,2018-03-01,Customer 005,285
286,2018-03-01,Customer 006,286
287,2018-03-01,Customer 007,287
288,2018-03-01,Customer 008,288
289,2018-03-01,Customer 009,289
290,2018-03-01,Customer 010,290
291,2018-03-01,Customer 011,291
292,2018-03-01,Customer 012,292
293,2018-03-01,Customer 013,293
294,2018-03-01,Customer 014,294
295,2018-03-01,Customer 015,295
296,2018-03-01,Customer 016,296
297,2018-03-01,Customer 017,297
298,2018-03-01,Customer 018,298
299,2018-03-01,Customer 019,299
300,2018-04-01,Customer 020,300
301,2018-04-01,Customer 001,301
302,2018-04-01,Customer 002,302
303,2018-04-01,Customer 003,303
304,2018-04-01,Customer 004,304
305,2018-04-01,Customer 005,305
306,2018-04-01,Customer 006,306
307,2018-04-01,Customer 007,307
308,2018-04-01,Customer 008,308
309,2018-04-01,Customer 009,309
310,2018-04-01,Customer 010,310
311,2018-04-01,Customer 011,311
312,2018-04-01,Customer 012,312
313,2018-04-01,Customer 013,313
314,2018-04-01,Customer 014,314
315,2018-04-01,Customer 015,315
316,2018-04-01,Customer 016,316
317,2018-04-01,Customer 017,317
318,2018-04-01,Customer 018,318
319,2018-04-01,Customer 019,319
320,2018-04-01,Customer 020,320
321,2018-04-01,Customer 001,321
322,2018-04-01,Customer 002,322
323,2018-04-01,Customer 003,323
324,2018-04-01,Customer 004,324
325,2018-04-01,Customer 005,325
326,2018-04-01,Customer 006,326
327,2018-04-01,Customer 007,327
328,2018-04-01,Customer 008,328
329,2018-04-01,Customer 009,329
330,2018-04-01,Customer 010,330
331,2018-04-01,Customer 011,331
332,2018-04-01,Customer 012,332
333,2018-04-01,Customer 013,333
334,2018-04-01,Customer 014,334
335,2018-04-01,Customer 015,335
336,2018-04-01,Customer 016,336
337,2018-04-01,Customer 017,337
338,2018-04-01,Customer 018,338
339,2018-04-01,Customer 019,339
340,2018-04-01,Customer 020,340
341,2018-04-01,Customer 001,341
342,2018-04-01,Customer 002,342
343,2018-04-01,Customer 003,343
344,2018-04-01,Customer 004,344
345,2018-04-01,Customer 005,345
346,2018-04-01,Customer 006,346
347,2018-04-01,Customer 007,347
348,2018-04-01,Customer 008,348
349,2018-04-01,Customer 009,349
350,2018-04-01,Customer 010,350
351,2018-04-01,Customer 011,351
352,2018-04-01,Customer 012,352
353,2018-04-01,Customer 013,353
354,2018-04-01,Customer 014,354
355,2018-04-01,Customer 015,355
356,2018-04-01,Customer 016,356
357,2018-04-01,Customer 017,357
358,2018-04-01,Customer 018,358
359,2018-04-01,Customer 019,359
360,2018-04-01,Customer 020,360
361,2018-04-01,Customer 001,361
362,2018-04-01,Customer 002,362
363,2018-04-01,Customer 003,363
364,2018-04-01,Customer 004,364
365,2018-04-01,Customer 005,365
366,2018-04-01,Customer 006,366
367,2018-04-01,Customer 007,367
368,2018-04-01,Customer 008,368
369,2018-04-01,Customer 009,369
370,2018-04-01,Customer 010,370
371,2018-04-01,Customer 011,371
372,2018-04-01,Customer 012,372
373,2018-04-01,Customer 013,373
374,2018-04-01,Customer 014,374
375,2018-04-01,Customer 015,375
376,2018-04-01,Customer 016,376
377,2018-04-01,Customer 017,377
378,2018-04-01,Customer 018,378
379,2018-04-01,Customer 019,379
380,2018-04-01,Customer 020,380
381,2018-04-01,Customer 001,381
382,2018-04-01,Customer 002,382
383,2018-04-01,Customer 003,383
384,2018-04-01,Customer 004,384
385,2018-04-01,Customer 005,385
386,2018-04-01,Customer 006,386
387,2018-04-01,Customer 007,387
388,2018-04-01,Customer 008,388
389,2018-04-01,Customer 009,389
390,2018-04-01,Customer 010,390
391,2018-04-01,Customer 011,391
392,2018-04-01,Customer 012,392
393,2018-04-01,Customer 013,393
394,2018-04-01,Customer 014,394
395,2018-04-01,Customer 015,395
396,2018-04-01,Customer 016,396
397,2018-04-01,Customer 017,397
398,2018-04-01,Customer 018,398
399,2018-04-01,Customer 019,399
400,2018-05-01,Customer 020,400
401,2018-05-01,Customer 001,401
402,2018-05-01,Customer 002,402
403,2018-05-01,Customer 003,403
404,2018-05-01,Customer 004,404
405,2018-05-01,Customer 005,405
406,2018-05-01,Customer 006,406
407,2018-05-01,Customer 007,407
408,2018-05-01,Customer 008,408
409,2018-05-01,Customer 009,409
410,2018-05-01,Customer 010,410
411,2018-05-01,Customer 011,411
412,2018-05-01,Customer 012,412
413,2018-05-01,Customer 013,413
414,2018-05-01,Customer 014,414
415,2018-05-01,Customer 015,415
416,2018-05-01,Customer 016,416
417,2018-05-01,Customer 017,417
418,2018-05-01,Customer 018,418
419,2018-05-01,Customer 019,419
420,2018-05-01,Customer 020,420
421,2018-05-01,Customer 001,421
422,2018-05-01,Customer 002,422
423,2018-05-01,Customer 003,423
424,2018-05-01,Customer 004,424
425,2018-05-01,Customer 005,425
426,2018-05-01,Customer 006,426
427,2018-05-01,Customer 007,427
428,2018-05-01,Customer 008,428
429,2018-05-01,Customer 009,429
430,2018-05-01,Customer 010,430
431,2018-05-01,Customer 011,431
432,2018-05-01,Customer 012,432
433,2018-05-01,Customer 013,433
434,2018-05-01,Customer 014,434
435,2018-05-01,Customer 015,435
436,2018-05-01,Customer 016,436
437,2018-05-01,Customer 017,437
438,2018-05-01,Customer 018,438
439,2018-05-01,Customer 019,439
440,2018-05-01,Customer 020,440
441,2018-05-01,Customer 001,441
442,2018-05-01,Customer 002,442
443,2018-05-01,Customer 003,443
444,2018-05-01,Customer 004,444
445,2018-05-01,Customer 005,445
446,2018-05-01,Customer 006,446
447,2018-05-01,Customer 007,447
448,2018-05-01,Customer 008,448
449,2018-05-01,Customer 009,449
450,2018-05-01,Customer 010,450
451,2018-05-01,Customer 011,451
452,2018-05-01,Customer 012,452
453,2018-05-01,Customer 013,453
454,2018-05-01,Customer 014,454
455,2018-05-01,Customer 015,455
456,2018-05-01,Customer 016,456
457,2018-05-01,Customer 017,457
458,2018-05-01,Customer 018,458
459,2018-05-01,Customer 019,459
460,2018-05-01,Customer 020,460
461,2018-05-01,Customer 001,461
462,2018-05-01,Customer 002,462
463,2018-05-01,Customer 003,463
464,2018-05-01,Customer 004,464
465,2018-05-01,Customer 005,465
466,2018-05-01,Customer 006,466
467,2018-05-01,Customer 007,467
468,2018-05-01,Customer 008,468
469,2018-05-01,Customer 009,469
470,2018-05-01,Customer 010,470
471,2018-05-01,Customer 011,471
472,2018-05-01,Customer 012,472
473,2018-05-01,Customer 013,473
474,2018-05-01,Customer 014,474
475,2018-05-01,Customer 015,475
476,2018-05-01,Customer 016,476
477,2018-05-01,Customer 017,477
478,2018-05-01,Customer 018,478
479,2018-05-01,Customer 019,479
480,2018-05-01,Customer 020,480
481,2018-05-01,Customer 001,481
482,2018-05-01,Customer 002,482
483,2018-05-01,Customer 003,483
484,2018-05-01,Customer 004,484
485,2018-05-01,Customer 005,485
486,2018-05-01,Customer 006,486
487,2018-05-01,Customer 007,487
488,2018-05-01,Customer 008,488
489,2018-05-01,Customer 009,489
490,2018-05-01,Customer 010,490
491,2018-05-01,Customer 011,491
492,2018-05-01,Customer 012,492
493,2018-05-01,Customer 013,493
494,2018-05-01,Customer 014,494
495,2018-05-01,Customer 015,495
496,2018-05-01,Customer 016,496
497,2018-05-01,Customer 017,497
498,2018-05-01,Customer 018,498
499,2018-05-01,Customer 019,499
500,2018-06-01,Customer 020,500
501,2018-06-01,Customer 001,501
502,2018-06-01,Customer 002,502
503,2018-06-01,Customer 003,503
504,2018-06-01,Customer 004,504
505,2018-06-01,Customer 005,505
506,2018-06-01,Customer 006,506
507,2018-06-01,Customer 007,507
508,2018-06-01,Customer 008,508
509,2018-06-01,Customer 009,509
510,2018-06-01,Customer 010,510
511,2018-06-01,Customer 011,511
512,2018-06-01,Customer 012,512
513,2018-06-01,Customer 013,513
514,2018-06-01,Customer 014,514
515,2018-06-01,Customer 015,515
516,2018-06-01,Customer 016,516
517,2018-06-01,Customer 017,517
518,2018-06-01,Customer 018,518
519,2018-06-01,Customer 019,519
520,2018-06-01,Customer 020,520
521,2018-06-01,Customer 001,521
522,2018-06-01,Customer 002,522
523,2018-06-01,Customer 003,523
524,2018-06-01,Customer 004,524
525,2018-06-01,Customer 005,525
526,2018-06-01,Customer 006,526
527,2018-06-01,Customer 007,527
528,2018-06-01,Customer 008,528
529,2018-06-01,Customer 009,529
530,2018-06-01,Customer 010,530
531,2018-06-01,Customer 011,531
532,2018-06-01,Customer 012,532
533,2018-06-01,Customer 013,533
534,2018-06-01,Customer 014,534
535,2018-06-01,Customer 015,535
536,2018-06-01,Customer 016,536
537,2018-06-01,Customer 017,537
538,2018-06-01,Customer 018,538
539,2018-06-01,Customer 019,539
540,2018-06-01,Customer 020,540
541,2018-06-01,Customer 001,541
542,2018-06-01,Customer 002,542
543,2018-06-01,Customer 003,543
544,2018-06-01,Customer 004,544
545,2018-06-01,Customer 005,545
546,2018-06-01,Customer 006,546
547,2018-06-01,Customer 007,547
548,2018-06-01,Customer 008,548
549,2018-06-01,Customer 009,549
550,2018-06-01,Customer 010,550
551,2018-06-01,Customer 011,551
552,2018-06-01,Customer 012,552
553,2018-06-01,Customer 013,553
554,2018-06-01,Customer 014,554
555,2018-06-01,Customer 015,555
556,2018-06-01,Customer 016,556
557,2018-06-01,Customer 017,557
558,2018-06-01,Customer 018,558
559,2018-06-01,Customer 019,559
560,2018-06-01,Customer 020,560
561,2018-06-01,Customer 001,561
562,2018-06-01,Customer 002,562
563,2018-06-01,Customer 003,563
564,2018-06-01,Customer 004,564
565,2018-06-01,Customer 005,565
566,2018-06-01,Customer 006,566
567,2018-06-01,Customer 007,567
568,2018-06-01,Customer 008,568
569,2018-06-01,Customer 009,569
570,2018-06-01,Customer 010,570
571,2018-06-01,Customer 011,571
572,2018-06-01,Customer 012,572
573,2018-06-01,Customer 013,573
574,2018-06-01,Customer 014,574
575,2018-06-01,Customer 015,575
576,2018-06-01,Customer 016,576
577,2018-06-01,Customer 017,577
578,2018-06-01,Customer 018,578
579,2018-06-01,Customer 019,579
580,2018-06-01,Customer 020,580
581,2018-06-01,Customer 001,581
582,2018-06-01,Customer 002,582
583,2018-06-01,Customer 003,583
584,2018-06-01,Customer 004,584
585,2018-06-01,Customer 005,585
586,2018-06-01,Customer 006,586
587,2018-06-01,Customer 007,587
588,2018-06-01,Customer 008,588
589,2018-06-01,Customer 009,589
590,2018-06-01,Customer 010,590
591,2018-06-01,Customer 011,591
592,2018-06-01,Customer 012,592
593,2018-06-01,Customer 013,593
594,2018-06-01,Customer 014,594
595,2018-06-01,Customer 015,595
596,2018-06-01,Customer 016,596
597,2018-06-01,Customer 017,597
598,2018-06-01,Customer 018,598
599,2018-06-01,Customer 019,599
600,2018-07-01,Customer 020,600
601,2018-07-01,Customer 001,601
602,2018-07-01,Customer 002,602
603,2018-07-01,Customer 003,603
604,2018-07-01,Customer 004,604
605,2018-07-01,Customer 005,605
606,2018-07-01,Customer 006,606
607,2018-07-01,Customer 007,607
608,2018-07-01,Customer 008,608
609,2018-07-01,Customer 009,609
610,2018-07-01,Customer 010,610
611,2018-07-01,Customer 011,611
612,2018-07-01,Customer 012,612
613,2018-07-01,Customer 013,613
614,2018-07-01,Customer 014,614
615,2018-07-01,Customer 015,615
616,2018-07-01,Customer 016,616
617,2018-07-01,Customer 017,617
618,2018-07-01,Customer 018,618
619,2018-07-01,Customer 019,619
620,2018-07-01,Customer 020,620
621,2018-07-01,Customer 001,621
622,2018-07-01,Customer 002,622
623,2018-07-01,Customer 003,623
624,2018-07-01,Customer 004,624
625,2018-07-01,Customer 005,625
626,2018-07-01,Customer 006,626
627,2018-07-01,Customer 007,627
628,2018-07-01,Customer 008,628
629,2018-07-01,Customer 009,629
630,2018-07-01,Customer 010,630
631,2018-07-01,Customer 011,631
632,2018-07-01,Customer 012,632
633,2018-07-01,Customer 013,633
634,2018-07-01,Customer 014,634
635,2018-07-01,Customer 015,635
636,2018-07-01,Customer 016,636
637,2018-07-01,Customer 017,637
638,2018-07-01,Customer 018,638
639,2018-07-01,Customer 019,639
640,2018-07-01,Customer 020,640
641,2018-07-01,Customer 001,641
642,2018-07-01,Customer 002,642
643,2018-07-01,Customer 003,643
644,2018-07-01,Customer 004,644
645,2018-07-01,Customer 005,645
646,2018-07-01,Customer 006,646
647,2018-07-01,Customer 007,647
648,2018-07-01,Customer 008,648
649,2018-07-01,Customer 009,649
650,2018-07-01,Customer 010,650
651,2018-07-01,Customer 011,651
652,2018-07-01,Customer 012,652
653,2018-07-01,Customer 013,653
654,2018-07-01,Customer 014,654
655,2018-07-01,Customer 015,655
656,2018-07-01,Customer 016,656
657,2018-07-01,Customer 017,657
658,2018-07-01,Customer 018,658
659,2018-07-01,Customer 019,659
660,2018-07-01,Customer 020,660
661,2018-07-01,Customer 001,661
662,2018-07-01,Customer 002,662
663,2018-07-01,Customer 003,663
664,2018-07-01,Customer 004,664
665,2018-07-01,Customer 005,665
666,2018-07-01,Customer 006,666
667,2018-07-01,Customer 007,667
668,2018-07-01,Customer 008,668
669,2018-07-01,Customer 009,669
670,2018-07-01,Customer 010,670
671,2018-07-01,Customer 011,671
672,2018-07-01,Customer 012,672
673,2018-07-01,Customer 013,673
674,2018-07-01,Customer 014,674
675,2018-07-01,Customer 015,675
676,2018-07-01,Customer 016,676
677,2018-07-01,Customer 017,677
678,2018-07-01,Customer 018,678
679,2018-07-01,Customer 019,679
680,2018-07-01,Customer 020,680
681,2018-07-01,Customer 001,681
682,2018-07-01,Customer 002,682
683,2018-07-01,Customer 003,683
684,2018-07-01,Customer 004,684
685,2018-07-01,Customer 005,685
686,2018-07-01,Customer 006,686
687,2018-07-01,Customer 007,687
688,2018-07-01,Customer 008,688
689,2018-07-01,Customer 009,689
690,2018-07-01,Customer 010,690
691,2018-07-01,Customer 011,691
692,2018-07-01,Customer 012,692
693,2018-07-01,Customer 013,693
694,2018-07-01,Customer 014,694
695,2018-07-01,Customer 015,695
696,2018-07-01,Customer 016,696
697,2018-07-01,Customer 017,697
698,2018-07-01,Customer 018,698
699,2018-07-01,Customer 019,699
700,2018-08-01,Customer 020,700
701,2018-08-01,Customer 001,701
702,2018-08-01,Customer 002,702
703,2018-08-01,Customer 003,703
704,2018-08-01,Customer 004,704
705,2018-08-01,Customer 005,705
706,2018-08-01,Customer 006,706
707,2018-08-01,Customer 007,707
708,2018-08-01,Customer 008,708
709,2018-08-01,Customer 009,709
710,2018-08-01,Customer 010,710
711,2018-08-01,Customer 011,711
712,2018-08-01,Customer 012,712
713,2018-08-01,Customer 013,713
714,2018-08-01,Customer 014,714
715,2018-08-01,Customer 015,715
716,2018-08-01,Customer 016,716
717,2018-08-01,Customer 017,717
718,2018-08-01,Customer 018,718
719,2018-08-01,Customer 019,719
720,2018-08-01,Customer 020,720
721,2018-08-01,Customer 001,721
722,2018-08-01,Customer 002,722
723,2018-08-01,Customer 003,723
724,2018-08-01,Customer 004,724
725,2018-08-01,Customer 005,725
726,2018-08-01,Customer 006,726
727,2018-08-01,Customer 007,727
728,2018-08-01,Customer 008,728
729,2018-08-01,Customer 009,729
730,2018-08-01,Customer 010,730
731,2018-08-01,Customer 011,731
732,2018-08-01,Customer 012,732
733,2018-08-01,Customer 013,733
734,2018-08-01,Customer 014,734
735,2018-08-01,Customer 015,735
736,2018-08-01,Customer 016,736
737,2018-08-01,Customer 017,737
738,2018-08-01,Customer 018,738
739,2018-08-01,Customer 019,739
740,2018-08-01,Customer 020,740
741,2018-08-01,Customer 001,741
742,2018-08-01,Customer 002,742
743,2018-08-01,Customer 003,743
744,2018-08-01,Customer 004,744
745,2018-08-01,Customer 005,745
746,2018-08-01,Customer 006,746
747,2018-08-01,Customer 007,747
748,2018-08-01,Customer 008,748
749,2018-08-01,Customer 009,749
750,2018-08-01,Customer 010,750
751,2018-08-01,Customer 011,751
752,2018-08-01,Customer 012,752
753,2018-08-01,Customer 013,753
754,2018-08-01,Customer 014,754
755,2018-08-01,Customer 015,755
756,2018-08-01,Customer 016,756
757,2018-08-01,Customer 017,757
758,2018-08-01,Customer 018,758
759,2018-08-01,Customer 019,759
760,2018-08-01,Customer 020,760
761,2018-08-01,Customer 001,761
762,2018-08-01,Customer 002,762
763,2018-08-01,Customer 003,763
764,2018-08-01,Customer 004,764
765,2018-08-01,Customer 005,765
766,2018-08-01,Customer 006,766
767,2018-08-01,Customer 007,767
768,2018-08-01,Customer 008,768
769,2018-08-01,Customer 009,769
770,2018-08-01,Customer 010,770
771,2018-08-01,Customer 011,771
772,2018-08-01,Customer 012,772
773,2018-08-01,Customer 013,773
774,2018-08-01,Customer 014,774
775,2018-08-01,Customer 015,775
776,2018-08-01,Customer 016,776
777,2018-08-01,Customer 017,777
778,2018-08-01,Customer 018,778
779,2018-08-01,Customer 019,779
780,2018-08-01,Customer 020,780
781,2018-08-01,Customer 001,781
782,2018-08-01,Customer 002,782
783,2018-08-01,Customer 003,783
784,2018-08-01,Customer 004,784
785,2018-08-01,Customer 005,785
786,2018-08-01,Customer 006,786
787,2018-08-01,Customer 007,787
788,2018-08-01,Customer 008,788
789,2018-08-01,Customer 009,789
790,2018-08-01,Customer 010,790
791,2018-08-01,Customer 011,791
792,2018-08-01,Customer 012,792
793,2018-08-01,Customer 013,793
794,2018-08-01,Customer 014,794
795,2018-08-01,Customer 015,795
796,2018-08-01,Customer 016,796
797,2018-08-01,Customer 017,797
798,2018-08-01,Customer 018,798
799,2018-08-01,Customer 019,799
800,2018-08-01,Customer 020,800
801,2018-09-01,Customer 001,801
802,2018-09-01,Customer 002,802
803,2018-09-01,Customer 003,803
804,2018-09-01,Customer 004,804
805,2018-09-01,Customer 005,805
806,2018-09-01,Customer 006,806
807,2018-09-01,Customer 007,807
808,2018-09-01,Customer 008,808
809,2018-09-01,Customer 009,809
810,2018-09-01,Customer 010,810
811,2018-09-01,Customer 011,811
812,2018-09-01,Customer 012,812
813,2018-09-01,Customer 013,813
814,2018-09-01,Customer 014,814
815,2018-09-01,Customer 015,815
816,2018-09-01,Customer 016,816
817,2018-09-01,Customer 017,817
818,2018-09-01,Customer 018,818
819,2018-09-01,Customer 019,819
820,2018-09-01,Customer 020,820
821,2018-09-01,Customer 001,821
822,2018-09-01,Customer 002,822
823,2018-09-01,Customer 003,823
824,2018-09-01,Customer 004,824
825,2018-09-01,Customer 005,825
826,2018-09-01,Customer 006,826
827,2018-09-01,Customer 007,827
828,2018-09-01,Customer 008,828
829,2018-09-01,Customer 009,829
830,2018-09-01,Customer 010,830
831,2018-09-01,Customer 011,831
832,2018-09-01,Customer 012,832
833,2018-09-01,Customer 013,833
834,2018-09-01,Customer 014,834
835,2018-09-01,Customer 015,835
836,2018-09-01,Customer 016,836
837,2018-09-01,Customer 017,837
838,2018-09-01,Customer 018,838
839,2018-09-01,Customer 019,839
840,2018-09-01,Customer 020,840
841,2018-09-01,Customer 001,841
842,2018-09-01,Customer 002,842
843,2018-09-01,Customer 003,843
844,2018-09-01,Customer 004,844
845,2018-09-01,Customer 005,845
846,2018-09-01,Customer 006,846
847,2018-09-01,Customer 007,847
848,2018-09-01,Customer 008,848
849,2018-09-01,Customer 009,849
850,2018-09-01,Customer 010,850
851,2018-09-01,Customer 011,851
852,2018-09-01,Customer 012,852
853,2018-09-01,Customer 013,853
854,2018-09-01,Customer 014,854
855,2018-09-01,Customer 015,855
856,2018-09-01,Customer 016,856
857,2018-09-01,Customer 017,857
858,2018-09-01,Customer 018,858
859,2018-09-01,Customer 019,859
860,2018-09-01,Customer 020,860
861,2018-09-01,Customer 001,861
862,2018-09-01,Customer 002,862
863,2018-09-01,Customer 003,863
864,2018-09-01,Customer 004,864
865,2018-09-01,Customer 005,865
866,2018-09-01,Customer 006,866
867,2018-09-01,Customer 007,867
868,2018-09-01,Customer 008,868
869,2018-09-01,Customer 009,869
870,2018-09-01,Customer 010,870
871,2018-09-01,Customer 011,871
872,2018-09-01,Customer 012,872
873,2018-09-01,Customer 013,873
874,2018-09-01,Customer 014,874
875,2018-09-01,Customer 015,875
876,2018-09-01,Customer 016,876
877,2018-09-01,Customer 017,877
878,2018-09-01,Customer 018,878
879,2018-09-01,Customer 019,879
880,2018-09-01,Customer 020,880
881,2018-09-01,Customer 001,881
882,2018-09-01,Customer 002,882
883,2018-09-01,Customer 003,883
884,2018-09-01,Customer 004,884
885,2018-09-01,Customer 005,885
886,2018-09-01,Customer 006,886
887,2018-09-01,Customer 007,887
888,2018-09-01,Customer 008,888
889,2018-09-01,Customer 009,889
890,2018-09-01,Customer 010,890
891,2018-09-01,Customer 011,891
892,2018-09-01,Customer 012,892
893,2018-09-01,Customer 013,893
894,2018-09-01,Customer 014,894
895,2018-09-01,Customer 015,895
896,2018-09-01,Customer 016,896
897,2018-09-01,Customer 017,897
898,2018-09-01,Customer 018,898
899,2018-09-01,Customer 019,899
900,2018-09-01,Customer 020,900
901,2018-10-01,Customer 001,901
902,2018-10-01,Customer 002,902
903,2018-10-01,Customer 003,903
904,2018-10-01,Customer 004,904
905,2018-10-01,Customer 005,905
906,2018-10-01,Customer 006,906
907,2018-10-01,Customer 007,907
908,2018-10-01,Customer 008,908
909,2018-10-01,Customer 009,909
910,2018-10-01,Customer 010,910
911,2018-10-01,Customer 011,911
912,2018-10-01,Customer 012,912
913,2018-10-01,Customer 013,913
914,2018-10-01,Customer 014,914
915,2018-10-01,Customer 015,915
916,2018-10-01,Customer 016,916
917,2018-10-01,Customer 017,917
918,2018-10-01,Customer 018,918
919,2018-10-01,Customer 019,919
920,2018-10-01,Customer 020,920
921,2018-10-01,Customer 001,921
922,2018-10-01,Customer 002,922
923,2018-10-01,Customer 003,923
924,2018-10-01,Customer 004,924
925,2018-10-01,Customer 005,925
926,2018-10-01,Customer 006,926
927,2018-10-01,Customer 007,927
928,2018-10-01,Customer 008,928
929,2018-10-01,Customer 009,929
930,2018-10-01,Customer 010,930
931,2018-10-01,Customer 011,931
932,2018-10-01,Customer 012,932
933,2018-10-01,Customer 013,933
934,2018-10-01,Customer 014,934
935,2018-10-01,Customer 015,935
936,2018-10-01,Customer 016,936
937,2018-10-01,Customer 017,937
938,2018-10-01,Customer 018,938
939,2018-10-01,Customer 019,939
940,2018-10-01,Customer 020,940
941,2018-10-01,Customer 001,941
942,2018-10-01,Customer 002,942
943,2018-10-01,Customer 003,943
944,2018-10-01,Customer 004,944
945,2018-10-01,Customer 005,945
946,2018-10-01,Customer 006,946
947,2018-10-01,Customer 007,947
948,2018-10-01,Customer 008,948
949,2018-10-01,Customer 009,949
950,2018-10-01,Customer 010,950
951,2018-10-01,Customer 011,951
952,2018-10-01,Customer 012,952
953,2018-10-01,Customer 013,953
954,2018-10-01,Customer 014,954
955,2018-10-01,Customer 015,955
956,2018-10-01,Customer 016,956
957,2018-10-01,Customer 017,957
958,2018-10-01,Customer 018,958
959,2018-10-01,Customer 019,959
960,2018-10-01,Customer 020,960
961,2018-10-01,Customer 001,961
962,2018-10-01,Customer 002,962
963,2018-10-01,Customer 003,963
964,2018-10-01,Customer 004,964
965,2018-10-01,Customer 005,965
966,2018-10-01,Customer 006,966
967,2018-10-01,Customer 007,967
968,2018-10-01,Customer 008,968
969,2018-10-01,Customer 009,969
970,2018-10-01,Customer 010,970
971,2018-10-01,Customer 011,971
972,2018-10-01,Customer 012,972
973,2018-10-01,Customer 013,973
974,2018-10-01,Customer 014,974
975,2018-10-01,Customer 015,975
976,2018-10-01,Customer 016,976
977,2018-10-01,Customer 017,977
978,2018-10-01,Customer 018,978
979,2018-10-01,Customer 019,979
980,2018-10-01,Customer 020,980
981,2018-10-01,Customer 001,981
982,2018-10-01,Customer 002,982
983,2018-10-01,Customer 003,983
984,2018-10-01,Customer 004,984
985,2018-10-01,Customer 005,985
986,2018-10-01,Customer 006,986
987,2018-10-01,Customer 007,987
988,2018-10-01,Customer 008,988
989,2018-10-01,Customer 009,989
990,2018-10-01,Customer 010,990
991,2018-10-01,Customer 011,991
992,2018-10-01,Customer 012,992
993,2018-10-01,Customer 013,993
994,2018-10-01,Customer 014,994
995,2018-10-01,Customer 015,995
996,2018-10-01,Customer 016,996
997,2018-10-01,Customer 017,997
998,2018-10-01,Customer 018,998
999,2018-10-01,Customer 019,999
1000,2018-10-01,Customer 020,1000